universitySlug,nameFa,iscCategory,iscRank,auditDate,portalAuditStatus,researchUrl,evidenceUrls,note,scoreEligibility
tehran,دانشگاه تهران,جامع,1,2026-08-10,direct-official,https://research.ut.ac.ir/fa,https://research.ut.ac.ir/fa,هویت پرتال/سطح پژوهش با Evidence مستقیم ثبت شده است.,eligible
tarbiat-modares,دانشگاه تربیت مدرس,جامع,2,2026-08-10,secondary-reference,,,سرنخ عمومی/ثانویه از فعالیت پژوهش و فناوری مشاهده شد؛ تا جایگزینی با منبع رسمی مستقیم، Fact سازمانی یا رتبه منتشر نمی‌شود.,unranked
ferdowsi,دانشگاه فردوسی مشهد,جامع,3,2026-08-10,direct-official,https://vpr.um.ac.ir/,https://vpr.um.ac.ir/,هویت پرتال/سطح پژوهش با Evidence مستقیم ثبت شده است.,eligible
shahid-beheshti,دانشگاه شهید بهشتی,جامع,4,2026-08-10,official-reference,,https://sbu.ac.ir/,کانال/خبر رسمی دانشگاه، هویت معاونت پژوهش و فناوری را تأیید می‌کند.,unranked
shiraz,دانشگاه شیراز,جامع,5,2026-08-10,official-reference,,https://law.shirazu.ac.ir/,منبع رسمی دانشکده دانشگاه شیراز انتصاب مدیر امور پژوهشی و قائم‌مقام معاون پژوهش و فناوری را ثبت کرده است.,unranked
tabriz,دانشگاه تبریز,جامع,6,2026-08-10,official-reference,,https://tabrizu.ac.ir/,منابع رسمی دانشگاه وجود معاونت پژوهش و فناوری را تأیید می‌کنند؛ URL ریشه پرتال هنوز در این Snapshot مستقیم تثبیت نشده است.,unranked
isfahan,دانشگاه اصفهان,جامع,7,2026-08-10,direct-official,https://research.ui.ac.ir/,https://research.ui.ac.ir/,هویت پرتال/سطح پژوهش با Evidence مستقیم ثبت شده است.,eligible
razi,دانشگاه رازی,جامع,8,2026-08-10,official-reference,,https://t.me/hambazi_razi,وجود معاونت پژوهش و فناوری دانشگاه رازی در اطلاع‌رسانی دانشگاهی/دانشجویی قابل ردیابی است؛ پرتال مستقیم هنوز تثبیت نشده.,unranked
iasbs,دانشگاه تحصیلات تکمیلی علوم پایه زنجان,جامع,9,2026-08-10,official-channel-reference,,https://t.me/iasbspr | https://iasbs.ac.ir/ | https://zrtf.ir/%D8%AF%D8%A7%D9%86%D8%B4%DA%AF%D8%A7%D9%87-%D8%AA%D8%AD%D8%B5%DB%8C%D9%84%D8%A7%D8%AA-%D8%AA%DA%A9%D9%85%DB%8C%D9%84%DB%8C-%D8%B9%D9%84%D9%88%D9%85-%D9%BE%D8%A7%DB%8C%D9%87/,در ممیزی سیستماتیک شواهدی از حوزه پژوهش/فناوری یافت شد، اما برای ادعای ساختار کامل یا رتبه عددی هنوز Evidence مستقیم کافی نیست.,unranked
kharazmi,دانشگاه خوارزمی,جامع,10,2026-08-10,direct-official,https://research.khu.ac.ir/,https://research.khu.ac.ir/,هویت پرتال/سطح پژوهش با Evidence مستقیم ثبت شده است.,eligible
allameh,دانشگاه علامه طباطبایی,جامع,11,2026-08-10,direct-official,https://research.atu.ac.ir/fa,https://research.atu.ac.ir/fa,هویت پرتال/سطح پژوهش با Evidence مستقیم ثبت شده است.,eligible
shahid-bahonar-kerman,دانشگاه شهید باهنر کرمان,جامع,12,2026-08-10,official-reference,,https://t.me/Sbukerman_official,کانال رسمی دانشگاه شهید باهنر کرمان فعالیت معاونت پژوهشی را ثبت کرده است.,unranked
guilan,دانشگاه گیلان,جامع,13,2026-08-10,official-reference,,https://guilan.ac.ir/,منابع رسمی/دانشگاهی وجود معاونت را تأیید می‌کنند؛ origin قبلی روابط عمومی به‌عنوان پرتال معاونت استفاده نشده است.,unranked
urmia,دانشگاه ارومیه,جامع,14,2026-08-10,official-reference,,https://www.urmia.ac.ir/,هویت معاون پژوهش و فناوری در منبع دانشگاهی/رسمی تأیید شده است.,unranked
semnan,دانشگاه سمنان,جامع,15,2026-08-10,direct-official,https://research.semnan.ac.ir/,https://research.semnan.ac.ir/,هویت پرتال/سطح پژوهش با Evidence مستقیم ثبت شده است.,eligible
sistan-baluchestan,دانشگاه سیستان و بلوچستان,جامع,16,2026-08-10,secondary-reference,,,سرنخ عمومی/ثانویه از فعالیت پژوهش و فناوری مشاهده شد؛ تا جایگزینی با منبع رسمی مستقیم، Fact سازمانی یا رتبه منتشر نمی‌شود.,unranked
yazd,دانشگاه یزد,جامع,17,2026-08-10,official-reference,,https://yazd.ac.ir/,صفحات رسمی دانشگاه رویدادهای معاونت پژوهش و فناوری را منتشر می‌کنند.,unranked
mohaghegh-ardabili,دانشگاه محقق اردبیلی,جامع,18,2026-08-10,official-reference,,https://uma.ac.ir/,منابع رسمی دانشگاه رویدادهای معاونت پژوهش و فناوری را منتشر می‌کنند.,unranked
kurdistan,دانشگاه کردستان,جامع,19,2026-08-10,official-reference,,https://uok.ac.ir/,کانال رسمی دانشگاه و کانال معاونت پژوهش و فناوری هویت حوزه را تأیید می‌کند.,unranked
shahid-chamran-ahvaz,دانشگاه شهید چمران اهواز,جامع,20,2026-08-10,direct-official,https://research.scu.ac.ir/,https://research.scu.ac.ir/,هویت پرتال/سطح پژوهش با Evidence مستقیم ثبت شده است.,eligible
kashan,دانشگاه کاشان,جامع,21,2026-08-10,secondary-reference,,,سرنخ عمومی/ثانویه از فعالیت پژوهش و فناوری مشاهده شد؛ تا جایگزینی با منبع رسمی مستقیم، Fact سازمانی یا رتبه منتشر نمی‌شود.,unranked
shahrekord,دانشگاه شهرکرد,جامع,22,2026-08-10,secondary-reference,,,سرنخ عمومی/ثانویه از فعالیت پژوهش و فناوری مشاهده شد؛ تا جایگزینی با منبع رسمی مستقیم، Fact سازمانی یا رتبه منتشر نمی‌شود.,unranked
bu-ali-sina,دانشگاه بوعلی سینا,جامع,23,2026-08-10,official-channel-reference,,https://t.me/s/basuacir,در ممیزی سیستماتیک شواهدی از حوزه پژوهش/فناوری یافت شد، اما برای ادعای ساختار کامل یا رتبه عددی هنوز Evidence مستقیم کافی نیست.,unranked
qom,دانشگاه قم,جامع,23,2026-08-10,direct-official,https://research.qom.ac.ir/,https://research.qom.ac.ir/,هویت پرتال/سطح پژوهش با Evidence مستقیم ثبت شده است.,eligible
alzahra,دانشگاه الزهرا (س),جامع,25,2026-08-10,direct-official,https://research.alzahra.ac.ir/,https://research.alzahra.ac.ir/,هویت پرتال/سطح پژوهش با Evidence مستقیم ثبت شده است.,eligible
mazandaran,دانشگاه مازندران,جامع,26,2026-08-10,official-channel-reference,,https://umz.ac.ir/,در ممیزی سیستماتیک شواهدی از حوزه پژوهش/فناوری یافت شد، اما برای ادعای ساختار کامل یا رتبه عددی هنوز Evidence مستقیم کافی نیست.,unranked
imam-khomeini-international,دانشگاه بین المللی امام خمینی (ره),جامع,27,2026-08-10,official-reference,,https://ikiu.ac.ir/,هویت حوزه پژوهشی در منابع دانشگاهی تأیید شده، پرتال مستقیم نیازمند تثبیت است.,unranked
persian-gulf,دانشگاه خلیج فارس,جامع,28,2026-08-10,official-channel-reference,,https://t.me/s/pgu_pr,در ممیزی سیستماتیک شواهدی از حوزه پژوهش/فناوری یافت شد، اما برای ادعای ساختار کامل یا رتبه عددی هنوز Evidence مستقیم کافی نیست.,unranked
zanjan,دانشگاه زنجان,جامع,29,2026-08-10,direct-official,https://research.znu.ac.ir/,https://research.znu.ac.ir/,هویت پرتال/سطح پژوهش با Evidence مستقیم ثبت شده است.,eligible
ilam,دانشگاه ایلام,جامع,30,2026-08-10,official-reference,,https://t.me/ilamac,کانال اطلاع‌رسانی دانشگاه ایلام انتصاب/فعالیت معاونت پژوهش و فناوری را ثبت کرده است.,unranked
hakim-sabzevari,دانشگاه حکیم سبزواری,جامع,31,2026-08-10,official-reference,,https://t.me/hakimUniversity,کانال دانشگاه حکیم سبزواری معاونت پژوهش و فناوری را صریحاً معرفی می‌کند.,unranked
arak,دانشگاه اراک,جامع,32,2026-08-10,direct-official,https://research.araku.ac.ir/,https://research.araku.ac.ir/,هویت پرتال/سطح پژوهش با Evidence مستقیم ثبت شده است.,eligible
azarbaijan-shahid-madani,دانشگاه شهید مدنی آذربایجان,جامع,33,2026-08-10,official-reference,,https://t.me/asmukarafarini,کانال رسمی مرکز وابسته دانشگاه، برنامه‌های معاونت پژوهش و فناوری را منتشر کرده است.,unranked
birjand,دانشگاه بیرجند,جامع,34,2026-08-10,direct-official,https://birjand.ac.ir/research/fa,https://birjand.ac.ir/research/fa,هویت پرتال/سطح پژوهش با Evidence مستقیم ثبت شده است.,unranked
vali-asr-rafsanjan,دانشگاه ولی عصر (عج) رفسنجان,جامع,35,2026-08-10,secondary-reference,,,سرنخ عمومی/ثانویه از فعالیت پژوهش و فناوری مشاهده شد؛ تا جایگزینی با منبع رسمی مستقیم، Fact سازمانی یا رتبه منتشر نمی‌شود.,unranked
lorestan,دانشگاه لرستان,جامع,36,2026-08-10,secondary-reference,,,سرنخ عمومی/ثانویه از فعالیت پژوهش و فناوری مشاهده شد؛ تا جایگزینی با منبع رسمی مستقیم، Fact سازمانی یا رتبه منتشر نمی‌شود.,unranked
maragheh,دانشگاه مراغه,جامع,37,2026-08-10,official-domain-reference,,https://www.maragheh.ac.ir/fa/article/3289452 | https://www.maragheh.ac.ir/fa/article/3224206 | https://rtm.maragheh.ac.ir/postdoc,در ممیزی سیستماتیک شواهدی از حوزه پژوهش/فناوری یافت شد، اما برای ادعای ساختار کامل یا رتبه عددی هنوز Evidence مستقیم کافی نیست.,unranked
zabol,دانشگاه زابل,جامع,38,2026-08-10,secondary-reference,,,سرنخ عمومی/ثانویه از فعالیت پژوهش و فناوری مشاهده شد؛ تا جایگزینی با منبع رسمی مستقیم، Fact سازمانی یا رتبه منتشر نمی‌شود.,unranked
yasouj,دانشگاه یاسوج,جامع,38,2026-08-10,official-domain-reference,,https://yu.ac.ir/fa/natak/content/2608,در ممیزی سیستماتیک شواهدی از حوزه پژوهش/فناوری یافت شد، اما برای ادعای ساختار کامل یا رتبه عددی هنوز Evidence مستقیم کافی نیست.,unranked
damghan,دانشگاه دامغان,جامع,40,2026-08-10,official-channel-reference,,https://t.me/s/duacir/24485,در ممیزی سیستماتیک شواهدی از حوزه پژوهش/فناوری یافت شد، اما برای ادعای ساختار کامل یا رتبه عددی هنوز Evidence مستقیم کافی نیست.,unranked
bonab,دانشگاه بناب,جامع,41,2026-08-10,direct-official,https://research.ubonab.ac.ir/,https://research.ubonab.ac.ir/,هویت پرتال/سطح پژوهش با Evidence مستقیم ثبت شده است.,unranked
golestan,دانشگاه گلستان,جامع,42,2026-08-10,official-channel-reference,,https://t.me/s/Guresearch,در ممیزی سیستماتیک شواهدی از حوزه پژوهش/فناوری یافت شد، اما برای ادعای ساختار کامل یا رتبه عددی هنوز Evidence مستقیم کافی نیست.,unranked
hormozgan,دانشگاه هرمزگان,جامع,42,2026-08-10,secondary-reference,,,سرنخ عمومی/ثانویه از فعالیت پژوهش و فناوری مشاهده شد؛ تا جایگزینی با منبع رسمی مستقیم، Fact سازمانی یا رتبه منتشر نمی‌شود.,unranked
tafresh,دانشگاه تفرش,جامع,44,2026-08-10,secondary-reference,,,سرنخ عمومی/ثانویه از فعالیت پژوهش و فناوری مشاهده شد؛ تا جایگزینی با منبع رسمی مستقیم، Fact سازمانی یا رتبه منتشر نمی‌شود.,unranked
ardakan,دانشگاه اردکان,جامع,44,2026-08-10,false-positive-blocked,,,نتایج شاخص جست‌وجو به نهاد همنام دیگری (آزاد/پزشکی/واحد نامرتبط) مربوط بود؛ false-positive مسدود شد و نبود پرتال نتیجه‌گیری نمی‌شود.,unranked
fasa,دانشگاه فسا,جامع,46,2026-08-10,false-positive-blocked,,,نتایج شاخص جست‌وجو به نهاد همنام دیگری (آزاد/پزشکی/واحد نامرتبط) مربوط بود؛ false-positive مسدود شد و نبود پرتال نتیجه‌گیری نمی‌شود.,unranked
ayatollah-borujerdi,دانشگاه آیت الله العظمی بروجردی (ره),جامع,46,2026-08-10,institutional-reference,,,در ممیزی سیستماتیک شواهدی از حوزه پژوهش/فناوری یافت شد، اما برای ادعای ساختار کامل یا رتبه عددی هنوز Evidence مستقیم کافی نیست.,unranked
bojnord,دانشگاه بجنورد,جامع,46,2026-08-10,official-channel-reference,,,در ممیزی سیستماتیک شواهدی از حوزه پژوهش/فناوری یافت شد، اما برای ادعای ساختار کامل یا رتبه عددی هنوز Evidence مستقیم کافی نیست.,unranked
khorramshahr-marine,دانشگاه علوم و فنون دریایی خرمشهر,جامع,49,2026-08-10,secondary-reference,,,سرنخ عمومی/ثانویه از فعالیت پژوهش و فناوری مشاهده شد؛ تا جایگزینی با منبع رسمی مستقیم، Fact سازمانی یا رتبه منتشر نمی‌شود.,unranked
meybod,دانشگاه میبد,جامع,50,2026-08-10,official-channel-reference,,https://t.me/s/meyboduni_official/4036 | http://new.meybod.ac.ir/fa/article/294984,در ممیزی سیستماتیک شواهدی از حوزه پژوهش/فناوری یافت شد، اما برای ادعای ساختار کامل یا رتبه عددی هنوز Evidence مستقیم کافی نیست.,unranked
bozorgmehr-qaenat,دانشگاه بزرگمهر قائنات,جامع,51,2026-08-10,secondary-reference,,,سرنخ عمومی/ثانویه از فعالیت پژوهش و فناوری مشاهده شد؛ تا جایگزینی با منبع رسمی مستقیم، Fact سازمانی یا رتبه منتشر نمی‌شود.,unranked
chabahar-maritime,دانشگاه دریانوردی و علوم دریایی چابهار,جامع,51,2026-08-10,credible-secondary-reference,,,در ممیزی سیستماتیک شواهدی از حوزه پژوهش/فناوری یافت شد، اما برای ادعای ساختار کامل یا رتبه عددی هنوز Evidence مستقیم کافی نیست.,unranked
velayat,دانشگاه ولایت,جامع,53,2026-08-10,secondary-reference,,,سرنخ عمومی/ثانویه از فعالیت پژوهش و فناوری مشاهده شد؛ تا جایگزینی با منبع رسمی مستقیم، Fact سازمانی یا رتبه منتشر نمی‌شود.,unranked
amol-special-tech,دانشگاه تخصصی فناوری های نوین آمل,جامع,54,2026-08-10,official-channel-reference,,https://t.me/s/amoluniv,در ممیزی سیستماتیک شواهدی از حوزه پژوهش/فناوری یافت شد، اما برای ادعای ساختار کامل یا رتبه عددی هنوز Evidence مستقیم کافی نیست.,unranked
malayer,دانشگاه ملایر,جامع,55,2026-08-10,official-domain-reference,,https://malayeru.ac.ir/portal/home/?news/32484/116202/279690/,در ممیزی سیستماتیک شواهدی از حوزه پژوهش/فناوری یافت شد، اما برای ادعای ساختار کامل یا رتبه عددی هنوز Evidence مستقیم کافی نیست.,unranked
gonbad-kavous,دانشگاه گنبد کاووس,جامع,56,2026-08-10,official-channel-reference,,,در ممیزی سیستماتیک شواهدی از حوزه پژوهش/فناوری یافت شد، اما برای ادعای ساختار کامل یا رتبه عددی هنوز Evidence مستقیم کافی نیست.,unranked
torbat-heydarieh,دانشگاه تربت حیدریه,جامع,57,2026-08-10,secondary-reference,,,سرنخ عمومی/ثانویه از فعالیت پژوهش و فناوری مشاهده شد؛ تا جایگزینی با منبع رسمی مستقیم، Fact سازمانی یا رتبه منتشر نمی‌شود.,unranked
hazrat-masoumeh,دانشگاه حضرت معصومه (س),جامع,58,2026-08-10,secondary-reference,,,سرنخ عمومی/ثانویه از فعالیت پژوهش و فناوری مشاهده شد؛ تا جایگزینی با منبع رسمی مستقیم، Fact سازمانی یا رتبه منتشر نمی‌شود.,unranked
jahrom,دانشگاه جهرم,جامع,59,2026-08-10,secondary-reference,,,سرنخ عمومی/ثانویه از فعالیت پژوهش و فناوری مشاهده شد؛ تا جایگزینی با منبع رسمی مستقیم، Fact سازمانی یا رتبه منتشر نمی‌شود.,unranked
kosar,دانشگاه کوثر,جامع,60,2026-08-10,secondary-reference,,,سرنخ عمومی/ثانویه از فعالیت پژوهش و فناوری مشاهده شد؛ تا جایگزینی با منبع رسمی مستقیم، Fact سازمانی یا رتبه منتشر نمی‌شود.,unranked
jiroft,دانشگاه جیرفت,جامع,61,2026-08-10,secondary-reference,,,سرنخ عمومی/ثانویه از فعالیت پژوهش و فناوری مشاهده شد؛ تا جایگزینی با منبع رسمی مستقیم، Fact سازمانی یا رتبه منتشر نمی‌شود.,unranked
salman-farsi-kazerun,دانشگاه سلمان فارسی کازرون,جامع,62,2026-08-10,secondary-reference,,,سرنخ عمومی/ثانویه از فعالیت پژوهش و فناوری مشاهده شد؛ تا جایگزینی با منبع رسمی مستقیم، Fact سازمانی یا رتبه منتشر نمی‌شود.,unranked
lar-higher-ed,مرکز آموزش عالی لار,جامع,62,2026-08-10,secondary-reference,,,سرنخ عمومی/ثانویه از فعالیت پژوهش و فناوری مشاهده شد؛ تا جایگزینی با منبع رسمی مستقیم، Fact سازمانی یا رتبه منتشر نمی‌شود.,unranked
gonabad-higher-ed,مجتمع آموزش عالی گناباد,جامع,64,2026-08-10,institutional-reference,,https://gonabad.ac.ir/,در ممیزی سیستماتیک شواهدی از حوزه پژوهش/فناوری یافت شد، اما برای ادعای ساختار کامل یا رتبه عددی هنوز Evidence مستقیم کافی نیست.,unranked
bam-higher-ed,مجتمع آموزش عالی بم,جامع,65,2026-08-10,secondary-reference,,,سرنخ عمومی/ثانویه از فعالیت پژوهش و فناوری مشاهده شد؛ تا جایگزینی با منبع رسمی مستقیم، Fact سازمانی یا رتبه منتشر نمی‌شود.,unranked
neyshabur,دانشگاه نیشابور,جامع,66,2026-08-10,false-positive-blocked,,,نتایج شاخص جست‌وجو به نهاد همنام دیگری (آزاد/پزشکی/واحد نامرتبط) مربوط بود؛ false-positive مسدود شد و نبود پرتال نتیجه‌گیری نمی‌شود.,unranked
eghlid-higher-ed,مرکز آموزش عالی اقلید,جامع,67,2026-08-10,secondary-reference,,,سرنخ عمومی/ثانویه از فعالیت پژوهش و فناوری مشاهده شد؛ تا جایگزینی با منبع رسمی مستقیم، Fact سازمانی یا رتبه منتشر نمی‌شود.,unranked
kashmar-higher-ed,مرکز آموزش عالی کاشمر,جامع,68,2026-08-10,secondary-reference,,,سرنخ عمومی/ثانویه از فعالیت پژوهش و فناوری مشاهده شد؛ تا جایگزینی با منبع رسمی مستقیم، Fact سازمانی یا رتبه منتشر نمی‌شود.,unranked
seyed-jamaleddin-asadabadi,دانشگاه سید جمال الدین اسدآبادی,جامع,68,2026-08-10,secondary-reference,,,سرنخ عمومی/ثانویه از فعالیت پژوهش و فناوری مشاهده شد؛ تا جایگزینی با منبع رسمی مستقیم، Fact سازمانی یا رتبه منتشر نمی‌شود.,unranked
iust,دانشگاه علم و صنعت ایران,صنعتی,1,2026-08-10,direct-official,https://research.iust.ac.ir/,https://research.iust.ac.ir/,هویت پرتال/سطح پژوهش با Evidence مستقیم ثبت شده است.,eligible
sharif,دانشگاه صنعتی شریف,صنعتی,2,2026-08-10,direct-official,https://research.sharif.ir/,https://research.sharif.ir/,هویت پرتال/سطح پژوهش با Evidence مستقیم ثبت شده است.,eligible
amirkabir,دانشگاه صنعتی امیرکبیر,صنعتی,3,2026-08-10,direct-official,https://research.aut.ac.ir/,https://research.aut.ac.ir/,هویت پرتال/سطح پژوهش با Evidence مستقیم ثبت شده است.,eligible
kntu,دانشگاه صنعتی خواجه نصیرالدین طوسی,صنعتی,4,2026-08-10,direct-official,https://research.kntu.ac.ir/,https://research.kntu.ac.ir/,هویت پرتال/سطح پژوهش با Evidence مستقیم ثبت شده است.,eligible
isfahan-technology,دانشگاه صنعتی اصفهان,صنعتی,5,2026-08-10,direct-official,https://research.iut.ac.ir/,https://research.iut.ac.ir/,هویت پرتال/سطح پژوهش با Evidence مستقیم ثبت شده است.,eligible
shahrood-technology,دانشگاه صنعتی شاهرود,صنعتی,6,2026-08-10,official-channel-reference,,https://t.me/s/shahroudUNI | https://t.me/s/Research_SUT | https://shahroodut.ac.ir/,در ممیزی سیستماتیک شواهدی از حوزه پژوهش/فناوری یافت شد، اما برای ادعای ساختار کامل یا رتبه عددی هنوز Evidence مستقیم کافی نیست.,unranked
babol-noshirvani,دانشگاه صنعتی نوشیروانی بابل,صنعتی,7,2026-08-10,official-channel-reference,,https://t.me/s/profnoshiravani,در ممیزی سیستماتیک شواهدی از حوزه پژوهش/فناوری یافت شد، اما برای ادعای ساختار کامل یا رتبه عددی هنوز Evidence مستقیم کافی نیست.,unranked
sahand,دانشگاه صنعتی سهند,صنعتی,8,2026-08-10,official-domain-reference,,http://sut.ac.ir/main/ShowArticle.aspx?artid=2039,در ممیزی سیستماتیک شواهدی از حوزه پژوهش/فناوری یافت شد، اما برای ادعای ساختار کامل یا رتبه عددی هنوز Evidence مستقیم کافی نیست.,unranked
shiraz-technology,دانشگاه صنعتی شیراز,صنعتی,9,2026-08-10,institutional-reference,,https://sutech.ac.ir/,در ممیزی سیستماتیک شواهدی از حوزه پژوهش/فناوری یافت شد، اما برای ادعای ساختار کامل یا رتبه عددی هنوز Evidence مستقیم کافی نیست.,unranked
kgut,دانشگاه تحصیلات تکمیلی صنعتی و فناوری پیشرفته کرمان,صنعتی,10,2026-08-10,secondary-reference,,,سرنخ عمومی/ثانویه از فعالیت پژوهش و فناوری مشاهده شد؛ تا جایگزینی با منبع رسمی مستقیم، Fact سازمانی یا رتبه منتشر نمی‌شود.,unranked
urmia-technology,دانشگاه صنعتی ارومیه,صنعتی,11,2026-08-10,secondary-reference,,,سرنخ عمومی/ثانویه از فعالیت پژوهش و فناوری مشاهده شد؛ تا جایگزینی با منبع رسمی مستقیم، Fact سازمانی یا رتبه منتشر نمی‌شود.,unranked
qochan-technology,دانشگاه صنعتی قوچان,صنعتی,12,2026-08-10,institutional-reference,,,در ممیزی سیستماتیک شواهدی از حوزه پژوهش/فناوری یافت شد، اما برای ادعای ساختار کامل یا رتبه عددی هنوز Evidence مستقیم کافی نیست.,unranked
arak-technology,دانشگاه صنعتی اراک,صنعتی,13,2026-08-10,official-channel-reference,,https://t.me/s/ArakutOfficial,در ممیزی سیستماتیک شواهدی از حوزه پژوهش/فناوری یافت شد، اما برای ادعای ساختار کامل یا رتبه عددی هنوز Evidence مستقیم کافی نیست.,unranked
kermanshah-technology,دانشگاه صنعتی کرمانشاه,صنعتی,14,2026-08-10,secondary-reference,,,سرنخ عمومی/ثانویه از فعالیت پژوهش و فناوری مشاهده شد؛ تا جایگزینی با منبع رسمی مستقیم، Fact سازمانی یا رتبه منتشر نمی‌شود.,unranked
qom-technology,دانشگاه صنعتی قم,صنعتی,15,2026-08-10,direct-official,https://qut.ac.ir/fa/researches/index,https://qut.ac.ir/fa/researches/index,هویت پرتال/سطح پژوهش با Evidence مستقیم ثبت شده است.,eligible
jundi-shapur-dezful,دانشگاه صنعتی جندی شاپور دزفول,صنعتی,16,2026-08-10,official-channel-reference,,https://t.me/s/jsu_ir,در ممیزی سیستماتیک شواهدی از حوزه پژوهش/فناوری یافت شد، اما برای ادعای ساختار کامل یا رتبه عددی هنوز Evidence مستقیم کافی نیست.,unranked
hamedan-technology,دانشگاه صنعتی همدان,صنعتی,17,2026-08-10,secondary-reference,,,سرنخ عمومی/ثانویه از فعالیت پژوهش و فناوری مشاهده شد؛ تا جایگزینی با منبع رسمی مستقیم، Fact سازمانی یا رتبه منتشر نمی‌شود.,unranked
khatam-behbahan,دانشگاه صنعتی خاتم الانبیاء بهبهان,صنعتی,17,2026-08-10,false-positive-blocked,,,نتایج شاخص جست‌وجو به نهاد همنام دیگری (آزاد/پزشکی/واحد نامرتبط) مربوط بود؛ false-positive مسدود شد و نبود پرتال نتیجه‌گیری نمی‌شود.,unranked
sirjan-technology,دانشگاه صنعتی سیرجان,صنعتی,19,2026-08-10,secondary-reference,,,سرنخ عمومی/ثانویه از فعالیت پژوهش و فناوری مشاهده شد؛ تا جایگزینی با منبع رسمی مستقیم، Fact سازمانی یا رتبه منتشر نمی‌شود.,unranked
mazandaran-science-tech,دانشگاه علم و فناوری مازندران (بهشهر),صنعتی,20,2026-08-10,secondary-reference,,,سرنخ عمومی/ثانویه از فعالیت پژوهش و فناوری مشاهده شد؛ تا جایگزینی با منبع رسمی مستقیم، Fact سازمانی یا رتبه منتشر نمی‌شود.,unranked
esfarayen-higher-ed,مجتمع آموزش عالی فنی و مهندسی اسفراین,صنعتی,21,2026-08-10,secondary-reference,,,سرنخ عمومی/ثانویه از فعالیت پژوهش و فناوری مشاهده شد؛ تا جایگزینی با منبع رسمی مستقیم، Fact سازمانی یا رتبه منتشر نمی‌شود.,unranked
birjand-technology,دانشگاه صنعتی بیرجند,صنعتی,22,2026-08-10,official-domain-reference,,https://birjandut.ac.ir/fa/news/1858 | https://birjandut.ac.ir/fa/news/1859,در ممیزی سیستماتیک شواهدی از حوزه پژوهش/فناوری یافت شد، اما برای ادعای ساختار کامل یا رتبه عددی هنوز Evidence مستقیم کافی نیست.,unranked
buin-zahra-higher-ed,مرکز آموزش عالی فنی و مهندسی بوئین زهرا,صنعتی,23,2026-08-10,institutional-reference,,,در ممیزی سیستماتیک شواهدی از حوزه پژوهش/فناوری یافت شد، اما برای ادعای ساختار کامل یا رتبه عددی هنوز Evidence مستقیم کافی نیست.,unranked
mahallat-higher-ed,مرکز آموزش عالی محلات,صنعتی,24,2026-08-10,secondary-reference,,,سرنخ عمومی/ثانویه از فعالیت پژوهش و فناوری مشاهده شد؛ تا جایگزینی با منبع رسمی مستقیم، Fact سازمانی یا رتبه منتشر نمی‌شود.,unranked
gorgan-agri,دانشگاه علوم کشاورزی و منابع طبیعی گرگان,علوم کشاورزی,1,2026-08-10,official-channel-reference,,https://t.me/s/gorganuniversity_news?before=2268,در ممیزی سیستماتیک شواهدی از حوزه پژوهش/فناوری یافت شد، اما برای ادعای ساختار کامل یا رتبه عددی هنوز Evidence مستقیم کافی نیست.,unranked
sari-agri,دانشگاه علوم کشاورزی و منابع طبیعی ساری,علوم کشاورزی,2,2026-08-10,ministry-reference,,https://khabarfarsi.com/u/248561459,در ممیزی سیستماتیک شواهدی از حوزه پژوهش/فناوری یافت شد، اما برای ادعای ساختار کامل یا رتبه عددی هنوز Evidence مستقیم کافی نیست.,unranked
khuzestan-agri,دانشگاه علوم کشاورزی و منابع طبیعی خوزستان,علوم کشاورزی,3,2026-08-10,institutional-reference,,https://jrpsm.asnrukh.ac.ir/,در ممیزی سیستماتیک شواهدی از حوزه پژوهش/فناوری یافت شد، اما برای ادعای ساختار کامل یا رتبه عددی هنوز Evidence مستقیم کافی نیست.,unranked
torbat-jam-agri,دانشکده کشاورزی و دامپروری تربت جام,علوم کشاورزی,4,2026-08-10,secondary-reference,,,سرنخ عمومی/ثانویه از فعالیت پژوهش و فناوری مشاهده شد؛ تا جایگزینی با منبع رسمی مستقیم، Fact سازمانی یا رتبه منتشر نمی‌شود.,unranked
iran-art,دانشگاه هنر ایران,هنر,1,2026-08-10,direct-official,https://research.art.ac.ir/fa,https://research.art.ac.ir/fa,هویت پرتال/سطح پژوهش با Evidence مستقیم ثبت شده است.,eligible
tabriz-islamic-art,دانشگاه هنر اسلامی تبریز,هنر,2,2026-08-10,official-reference,,https://tabriziau.ac.ir/,هویت دانشگاه و فعالیت‌های پژوهشی/فناوری روی دامنه رسمی قابل ردیابی است.,unranked
isfahan-art,دانشگاه هنر اصفهان,هنر,3,2026-08-10,official-reference,,https://aui.ac.ir/,معاونت پژوهش و فناوری دانشگاه هنر اصفهان در منابع رسمی دانشگاه شناسایی شده است.,unranked
shiraz-art,دانشگاه هنر شیراز,هنر,4,2026-08-10,institutional-reference,,https://t.me/s/archaeology_shirazartu | http://www.shirazartu.ac.ir/,در ممیزی سیستماتیک شواهدی از حوزه پژوهش/فناوری یافت شد، اما برای ادعای ساختار کامل یا رتبه عددی هنوز Evidence مستقیم کافی نیست.,unranked
payame-noor,دانشگاه پیام نور,زیرنظام,1,2026-08-10,official-reference,,https://pnu.ac.ir/,پایگاه/خبر رسمی دانشگاه هویت معاون پژوهش و فناوری را تأیید می‌کند.,unranked
national-skills,دانشگاه ملی مهارت,زیرنظام,2,2026-08-10,official-reference,,https://www.nus.ac.ir/,هویت معاونت پژوهش و فناوری در منابع رسمی دانشگاه ملی مهارت قابل مشاهده است.,unranked
farhangian,دانشگاه فرهنگیان,زیرنظام,3,2026-08-10,official-domain-reference,,https://esfahan.cfu.ac.ir/fa/226134/,در ممیزی سیستماتیک شواهدی از حوزه پژوهش/فناوری یافت شد، اما برای ادعای ساختار کامل یا رتبه عددی هنوز Evidence مستقیم کافی نیست.,unranked
applied-science,دانشگاه جامع علمی کاربردی,زیرنظام,4,2026-08-10,official-reference,,https://www.tasnimnews.ir/fa/news/1405/04/30/3652651/,در ممیزی سیستماتیک شواهدی از حوزه پژوهش/فناوری یافت شد، اما برای ادعای ساختار کامل یا رتبه عددی هنوز Evidence مستقیم کافی نیست.,unranked
imam-hossein,دانشگاه جامع امام حسین (ع),دستگاه اجرایی,1,2026-08-10,restricted-official-reference,,https://www.ihu.ac.ir/ | http://portal.ihu.ac.ir/?q=fa/publications,عضویت ISC حفظ شده است؛ دسترسی عمومی به پرتال/ساختار پژوهش محدود است یا ساختار نهادی با دانشگاه‌های وزارت علوم متفاوت است. رتبه RTPMI منتشر نمی‌شود.,unranked
shahed,دانشگاه شاهد,دستگاه اجرایی,2,2026-08-10,direct-official,https://res.shahed.ac.ir,https://res.shahed.ac.ir | https://res.shahed.ac.ir/,پرتال مستقیم پژوهش دانشگاه شاهد شناسایی شده است.,eligible
malek-ashtar,دانشگاه صنعتی مالک اشتر,دستگاه اجرایی,3,2026-08-10,restricted-public,,https://mut.ac.ir/,عضویت ISC حفظ شده است؛ دسترسی عمومی به پرتال/ساختار پژوهش محدود است یا ساختار نهادی با دانشگاه‌های وزارت علوم متفاوت است. رتبه RTPMI منتشر نمی‌شود.,unranked
shahid-rajaee,دانشگاه تربیت دبیر شهید رجایی,دستگاه اجرایی,4,2026-08-10,official-reference,,https://www.srttu.edu/,هویت معاونت پژوهشی/فناوری دانشگاه تربیت دبیر شهید رجایی در منابع رسمی قابل ردیابی است.,unranked
aja-command,دانشگاه فرماندهی و ستاد آجا (دافوس),دستگاه اجرایی,5,2026-08-10,restricted-public,,,عضویت ISC حفظ شده است؛ دسترسی عمومی به پرتال/ساختار پژوهش محدود است یا ساختار نهادی با دانشگاه‌های وزارت علوم متفاوت است. رتبه RTPMI منتشر نمی‌شود.,unranked
national-defense,دانشگاه عالی دفاع ملی,دستگاه اجرایی,6,2026-08-10,restricted-official-reference,,https://nezamat.ir/post-44967/ | https://smsnds.sndu.ac.ir/,عضویت ISC حفظ شده است؛ دسترسی عمومی به پرتال/ساختار پژوهش محدود است یا ساختار نهادی با دانشگاه‌های وزارت علوم متفاوت است. رتبه RTPMI منتشر نمی‌شود.,unranked
amin-police,دانشگاه علوم انتظامی امین,دستگاه اجرایی,7,2026-08-10,restricted-public,,,عضویت ISC حفظ شده است؛ دسترسی عمومی به پرتال/ساختار پژوهش محدود است یا ساختار نهادی با دانشگاه‌های وزارت علوم متفاوت است. رتبه RTPMI منتشر نمی‌شود.,unranked
petroleum,دانشگاه صنعت نفت,دستگاه اجرایی,8,2026-08-10,official-channel-reference,,,در ممیزی سیستماتیک شواهدی از حوزه پژوهش/فناوری یافت شد، اما برای ادعای ساختار کامل یا رتبه عددی هنوز Evidence مستقیم کافی نیست.,unranked
irib,دانشگاه صدا و سیمای جمهوری اسلامی ایران,دستگاه اجرایی,9,2026-08-10,institutional-reference,,,در ممیزی سیستماتیک شواهدی از حوزه پژوهش/فناوری یافت شد، اما برای ادعای ساختار کامل یا رتبه عددی هنوز Evidence مستقیم کافی نیست.,unranked
civil-aviation,مرکز آموزش عالی هوانوردی و فرودگاهی کشور,دستگاه اجرایی,10,2026-08-10,legacy-restricted,,https://nezamat.ir/post-40635/ | https://nezamat.ir/post-38549/,عضویت ISC حفظ شده است؛ دسترسی عمومی به پرتال/ساختار پژوهش محدود است یا ساختار نهادی با دانشگاه‌های وزارت علوم متفاوت است. رتبه RTPMI منتشر نمی‌شود.,unranked
