slug,nameFa,category,iscRank
tehran,دانشگاه تهران,جامع,1
tarbiat-modares,دانشگاه تربیت مدرس,جامع,2
ferdowsi,دانشگاه فردوسی مشهد,جامع,3
shahid-beheshti,دانشگاه شهید بهشتی,جامع,4
shiraz,دانشگاه شیراز,جامع,5
tabriz,دانشگاه تبریز,جامع,6
isfahan,دانشگاه اصفهان,جامع,7
razi,دانشگاه رازی,جامع,8
iasbs,دانشگاه تحصیلات تکمیلی علوم پایه زنجان,جامع,9
kharazmi,دانشگاه خوارزمی,جامع,10
allameh,دانشگاه علامه طباطبایی,جامع,11
shahid-bahonar-kerman,دانشگاه شهید باهنر کرمان,جامع,12
guilan,دانشگاه گیلان,جامع,13
urmia,دانشگاه ارومیه,جامع,14
semnan,دانشگاه سمنان,جامع,15
sistan-baluchestan,دانشگاه سیستان و بلوچستان,جامع,16
yazd,دانشگاه یزد,جامع,17
mohaghegh-ardabili,دانشگاه محقق اردبیلی,جامع,18
kurdistan,دانشگاه کردستان,جامع,19
shahid-chamran-ahvaz,دانشگاه شهید چمران اهواز,جامع,20
kashan,دانشگاه کاشان,جامع,21
shahrekord,دانشگاه شهرکرد,جامع,22
bu-ali-sina,دانشگاه بوعلی سینا,جامع,23
qom,دانشگاه قم,جامع,23
alzahra,دانشگاه الزهرا (س),جامع,25
mazandaran,دانشگاه مازندران,جامع,26
imam-khomeini-international,دانشگاه بین المللی امام خمینی (ره),جامع,27
persian-gulf,دانشگاه خلیج فارس,جامع,28
zanjan,دانشگاه زنجان,جامع,29
ilam,دانشگاه ایلام,جامع,30
hakim-sabzevari,دانشگاه حکیم سبزواری,جامع,31
arak,دانشگاه اراک,جامع,32
azarbaijan-shahid-madani,دانشگاه شهید مدنی آذربایجان,جامع,33
birjand,دانشگاه بیرجند,جامع,34
vali-asr-rafsanjan,دانشگاه ولی عصر (عج) رفسنجان,جامع,35
lorestan,دانشگاه لرستان,جامع,36
maragheh,دانشگاه مراغه,جامع,37
zabol,دانشگاه زابل,جامع,38
yasouj,دانشگاه یاسوج,جامع,38
damghan,دانشگاه دامغان,جامع,40
bonab,دانشگاه بناب,جامع,41
golestan,دانشگاه گلستان,جامع,42
hormozgan,دانشگاه هرمزگان,جامع,42
tafresh,دانشگاه تفرش,جامع,44
ardakan,دانشگاه اردکان,جامع,44
fasa,دانشگاه فسا,جامع,46
ayatollah-borujerdi,دانشگاه آیت الله العظمی بروجردی (ره),جامع,46
bojnord,دانشگاه بجنورد,جامع,46
khorramshahr-marine,دانشگاه علوم و فنون دریایی خرمشهر,جامع,49
meybod,دانشگاه میبد,جامع,50
bozorgmehr-qaenat,دانشگاه بزرگمهر قائنات,جامع,51
chabahar-maritime,دانشگاه دریانوردی و علوم دریایی چابهار,جامع,51
velayat,دانشگاه ولایت,جامع,53
amol-special-tech,دانشگاه تخصصی فناوری های نوین آمل,جامع,54
malayer,دانشگاه ملایر,جامع,55
gonbad-kavous,دانشگاه گنبد کاووس,جامع,56
torbat-heydarieh,دانشگاه تربت حیدریه,جامع,57
hazrat-masoumeh,دانشگاه حضرت معصومه (س),جامع,58
jahrom,دانشگاه جهرم,جامع,59
kosar,دانشگاه کوثر,جامع,60
jiroft,دانشگاه جیرفت,جامع,61
salman-farsi-kazerun,دانشگاه سلمان فارسی کازرون,جامع,62
lar-higher-ed,مرکز آموزش عالی لار,جامع,62
gonabad-higher-ed,مجتمع آموزش عالی گناباد,جامع,64
bam-higher-ed,مجتمع آموزش عالی بم,جامع,65
neyshabur,دانشگاه نیشابور,جامع,66
eghlid-higher-ed,مرکز آموزش عالی اقلید,جامع,67
kashmar-higher-ed,مرکز آموزش عالی کاشمر,جامع,68
seyed-jamaleddin-asadabadi,دانشگاه سید جمال الدین اسدآبادی,جامع,68
iust,دانشگاه علم و صنعت ایران,صنعتی,1
sharif,دانشگاه صنعتی شریف,صنعتی,2
amirkabir,دانشگاه صنعتی امیرکبیر,صنعتی,3
kntu,دانشگاه صنعتی خواجه نصیرالدین طوسی,صنعتی,4
isfahan-technology,دانشگاه صنعتی اصفهان,صنعتی,5
shahrood-technology,دانشگاه صنعتی شاهرود,صنعتی,6
babol-noshirvani,دانشگاه صنعتی نوشیروانی بابل,صنعتی,7
sahand,دانشگاه صنعتی سهند,صنعتی,8
shiraz-technology,دانشگاه صنعتی شیراز,صنعتی,9
kgut,دانشگاه تحصیلات تکمیلی صنعتی و فناوری پیشرفته کرمان,صنعتی,10
urmia-technology,دانشگاه صنعتی ارومیه,صنعتی,11
qochan-technology,دانشگاه صنعتی قوچان,صنعتی,12
arak-technology,دانشگاه صنعتی اراک,صنعتی,13
kermanshah-technology,دانشگاه صنعتی کرمانشاه,صنعتی,14
qom-technology,دانشگاه صنعتی قم,صنعتی,15
jundi-shapur-dezful,دانشگاه صنعتی جندی شاپور دزفول,صنعتی,16
hamedan-technology,دانشگاه صنعتی همدان,صنعتی,17
khatam-behbahan,دانشگاه صنعتی خاتم الانبیاء بهبهان,صنعتی,17
sirjan-technology,دانشگاه صنعتی سیرجان,صنعتی,19
mazandaran-science-tech,دانشگاه علم و فناوری مازندران (بهشهر),صنعتی,20
esfarayen-higher-ed,مجتمع آموزش عالی فنی و مهندسی اسفراین,صنعتی,21
birjand-technology,دانشگاه صنعتی بیرجند,صنعتی,22
buin-zahra-higher-ed,مرکز آموزش عالی فنی و مهندسی بوئین زهرا,صنعتی,23
mahallat-higher-ed,مرکز آموزش عالی محلات,صنعتی,24
gorgan-agri,دانشگاه علوم کشاورزی و منابع طبیعی گرگان,علوم کشاورزی,1
sari-agri,دانشگاه علوم کشاورزی و منابع طبیعی ساری,علوم کشاورزی,2
khuzestan-agri,دانشگاه علوم کشاورزی و منابع طبیعی خوزستان,علوم کشاورزی,3
torbat-jam-agri,دانشکده کشاورزی و دامپروری تربت جام,علوم کشاورزی,4
iran-art,دانشگاه هنر ایران,هنر,1
tabriz-islamic-art,دانشگاه هنر اسلامی تبریز,هنر,2
isfahan-art,دانشگاه هنر اصفهان,هنر,3
shiraz-art,دانشگاه هنر شیراز,هنر,4
payame-noor,دانشگاه پیام نور,زیرنظام,1
national-skills,دانشگاه ملی مهارت,زیرنظام,2
farhangian,دانشگاه فرهنگیان,زیرنظام,3
applied-science,دانشگاه جامع علمی کاربردی,زیرنظام,4
imam-hossein,دانشگاه جامع امام حسین (ع),دستگاه اجرایی,1
shahed,دانشگاه شاهد,دستگاه اجرایی,2
malek-ashtar,دانشگاه صنعتی مالک اشتر,دستگاه اجرایی,3
shahid-rajaee,دانشگاه تربیت دبیر شهید رجایی,دستگاه اجرایی,4
aja-command,دانشگاه فرماندهی و ستاد آجا (دافوس),دستگاه اجرایی,5
national-defense,دانشگاه عالی دفاع ملی,دستگاه اجرایی,6
amin-police,دانشگاه علوم انتظامی امین,دستگاه اجرایی,7
petroleum,دانشگاه صنعت نفت,دستگاه اجرایی,8
irib,دانشگاه صدا و سیمای جمهوری اسلامی ایران,دستگاه اجرایی,9
civil-aviation,مرکز آموزش عالی هوانوردی و فرودگاهی کشور,دستگاه اجرایی,10
