slug,nameFa,iscCategory,iscRank,portalAuditStatus,deepAuditStatus,auditEvidenceCoverage,rank,score,confidence,url
tehran,دانشگاه تهران,جامع,1,direct-official,deep-audited,75,53,68.2,82,/datasets/audit-packets/tehran.json
tarbiat-modares,دانشگاه تربیت مدرس,جامع,2,direct-official,deep-audited,75,43,70.6,82,/datasets/audit-packets/tarbiat-modares.json
ferdowsi,دانشگاه فردوسی مشهد,جامع,3,direct-official,deep-audited,88,4,89.9,91.4,/datasets/audit-packets/ferdowsi.json
shahid-beheshti,دانشگاه شهید بهشتی,جامع,4,direct-official,identity-verified-deep-pending,63,,,,/datasets/audit-packets/shahid-beheshti.json
shiraz,دانشگاه شیراز,جامع,5,direct-official,deep-audited,88,34,74.3,91.4,/datasets/audit-packets/shiraz.json
tabriz,دانشگاه تبریز,جامع,6,direct-official,identity-verified-deep-pending,13,,,,/datasets/audit-packets/tabriz.json
isfahan,دانشگاه اصفهان,جامع,7,direct-official,deep-audited,88,1,95.1,91.4,/datasets/audit-packets/isfahan.json
razi,دانشگاه رازی,جامع,8,direct-official,identity-verified-deep-pending,63,,,,/datasets/audit-packets/razi.json
iasbs,دانشگاه تحصیلات تکمیلی علوم پایه زنجان,جامع,9,official-channel-reference,reference-resolved-deep-pending,50,,,,/datasets/audit-packets/iasbs.json
kharazmi,دانشگاه خوارزمی,جامع,10,direct-official,deep-audited,100,19,82.7,100,/datasets/audit-packets/kharazmi.json
allameh,دانشگاه علامه طباطبایی,جامع,11,direct-official,deep-audited,75,3,90.7,82,/datasets/audit-packets/allameh.json
shahid-bahonar-kerman,دانشگاه شهید باهنر کرمان,جامع,12,direct-official,identity-verified-deep-pending,50,,,,/datasets/audit-packets/shahid-bahonar-kerman.json
guilan,دانشگاه گیلان,جامع,13,direct-official,identity-verified-deep-pending,50,,,,/datasets/audit-packets/guilan.json
urmia,دانشگاه ارومیه,جامع,14,direct-official,deep-audited,75,57,65.4,82,/datasets/audit-packets/urmia.json
semnan,دانشگاه سمنان,جامع,15,direct-official,deep-audited,100,2,93.9,100,/datasets/audit-packets/semnan.json
sistan-baluchestan,دانشگاه سیستان و بلوچستان,جامع,16,direct-official,identity-verified-deep-pending,63,,,,/datasets/audit-packets/sistan-baluchestan.json
yazd,دانشگاه یزد,جامع,17,direct-official,deep-audited,75,56,67.6,82,/datasets/audit-packets/yazd.json
mohaghegh-ardabili,دانشگاه محقق اردبیلی,جامع,18,direct-official,identity-verified-deep-pending,38,,,,/datasets/audit-packets/mohaghegh-ardabili.json
kurdistan,دانشگاه کردستان,جامع,19,direct-official,identity-verified-deep-pending,63,,,,/datasets/audit-packets/kurdistan.json
shahid-chamran-ahvaz,دانشگاه شهید چمران اهواز,جامع,20,direct-official,deep-audited,88,59,64.9,91.4,/datasets/audit-packets/shahid-chamran-ahvaz.json
kashan,دانشگاه کاشان,جامع,21,direct-official,deep-audited,75,27,76.4,82,/datasets/audit-packets/kashan.json
shahrekord,دانشگاه شهرکرد,جامع,22,direct-official,deep-audited,88,58,65.2,91.4,/datasets/audit-packets/shahrekord.json
bu-ali-sina,دانشگاه بوعلی سینا,جامع,23,direct-official,identity-verified-deep-pending,50,,,,/datasets/audit-packets/bu-ali-sina.json
qom,دانشگاه قم,جامع,23,direct-official,deep-audited,88,12,84.8,91.4,/datasets/audit-packets/qom.json
alzahra,دانشگاه الزهرا (س),جامع,25,direct-official,deep-audited,75,13,84.7,82,/datasets/audit-packets/alzahra.json
mazandaran,دانشگاه مازندران,جامع,26,direct-official,identity-verified-deep-pending,63,,,,/datasets/audit-packets/mazandaran.json
imam-khomeini-international,دانشگاه بین المللی امام خمینی (ره),جامع,27,direct-official,deep-audited,88,28,75.9,91.4,/datasets/audit-packets/imam-khomeini-international.json
persian-gulf,دانشگاه خلیج فارس,جامع,28,direct-official,identity-verified-deep-pending,25,,,,/datasets/audit-packets/persian-gulf.json
zanjan,دانشگاه زنجان,جامع,29,direct-official,deep-audited,100,17,82.9,100,/datasets/audit-packets/zanjan.json
ilam,دانشگاه ایلام,جامع,30,direct-official,deep-audited,75,45,70.2,82,/datasets/audit-packets/ilam.json
hakim-sabzevari,دانشگاه حکیم سبزواری,جامع,31,direct-official,deep-audited,88,20,80.1,91.4,/datasets/audit-packets/hakim-sabzevari.json
arak,دانشگاه اراک,جامع,32,direct-official,deep-audited,100,15,83.9,100,/datasets/audit-packets/arak.json
azarbaijan-shahid-madani,دانشگاه شهید مدنی آذربایجان,جامع,33,direct-official,deep-audited,88,8,85.9,91.4,/datasets/audit-packets/azarbaijan-shahid-madani.json
birjand,دانشگاه بیرجند,جامع,34,direct-official,deep-audited,75,49,68.5,82,/datasets/audit-packets/birjand.json
vali-asr-rafsanjan,دانشگاه ولی عصر (عج) رفسنجان,جامع,35,direct-official,deep-audited,88,40,72.6,91.4,/datasets/audit-packets/vali-asr-rafsanjan.json
lorestan,دانشگاه لرستان,جامع,36,direct-official,deep-audited,75,11,84.9,82,/datasets/audit-packets/lorestan.json
maragheh,دانشگاه مراغه,جامع,37,direct-official,identity-verified-deep-pending,44,,,,/datasets/audit-packets/maragheh.json
zabol,دانشگاه زابل,جامع,38,direct-official,identity-verified-deep-pending,25,,,,/datasets/audit-packets/zabol.json
yasouj,دانشگاه یاسوج,جامع,38,direct-official,identity-verified-deep-pending,19,,,,/datasets/audit-packets/yasouj.json
damghan,دانشگاه دامغان,جامع,40,direct-official,deep-audited,75,41,71.6,82,/datasets/audit-packets/damghan.json
bonab,دانشگاه بناب,جامع,41,direct-official,identity-verified-deep-pending,63,,,,/datasets/audit-packets/bonab.json
golestan,دانشگاه گلستان,جامع,42,direct-official,deep-audited,75,47,69.2,82,/datasets/audit-packets/golestan.json
hormozgan,دانشگاه هرمزگان,جامع,42,direct-official,identity-verified-deep-pending,38,,,,/datasets/audit-packets/hormozgan.json
tafresh,دانشگاه تفرش,جامع,44,secondary-reference,portal-resolution-pending,0,,,,/datasets/audit-packets/tafresh.json
ardakan,دانشگاه اردکان,جامع,44,direct-official,identity-verified-deep-pending,63,,,,/datasets/audit-packets/ardakan.json
fasa,دانشگاه فسا,جامع,46,false-positive-blocked,blocked-needs-alternative-discovery,0,,,,/datasets/audit-packets/fasa.json
ayatollah-borujerdi,دانشگاه آیت الله العظمی بروجردی (ره),جامع,46,direct-official,deep-audited,100,31,75.1,100,/datasets/audit-packets/ayatollah-borujerdi.json
bojnord,دانشگاه بجنورد,جامع,46,direct-official,deep-audited,75,33,74.8,82,/datasets/audit-packets/bojnord.json
khorramshahr-marine,دانشگاه علوم و فنون دریایی خرمشهر,جامع,49,direct-official,identity-verified-deep-pending,63,,,,/datasets/audit-packets/khorramshahr-marine.json
meybod,دانشگاه میبد,جامع,50,direct-official,deep-audited,88,21,79.6,91.4,/datasets/audit-packets/meybod.json
bozorgmehr-qaenat,دانشگاه بزرگمهر قائنات,جامع,51,secondary-reference,portal-resolution-pending,50,,,,/datasets/audit-packets/bozorgmehr-qaenat.json
chabahar-maritime,دانشگاه دریانوردی و علوم دریایی چابهار,جامع,51,direct-official,deep-audited,88,42,70.7,91.4,/datasets/audit-packets/chabahar-maritime.json
velayat,دانشگاه ولایت,جامع,53,direct-official,identity-verified-deep-pending,50,,,,/datasets/audit-packets/velayat.json
amol-special-tech,دانشگاه تخصصی فناوری های نوین آمل,جامع,54,official-channel-reference,reference-resolved-deep-pending,81,,,,/datasets/audit-packets/amol-special-tech.json
malayer,دانشگاه ملایر,جامع,55,direct-official,deep-audited,81,52,68.2,86.3,/datasets/audit-packets/malayer.json
gonbad-kavous,دانشگاه گنبد کاووس,جامع,56,direct-official,deep-audited,75,35,74.3,82,/datasets/audit-packets/gonbad-kavous.json
torbat-heydarieh,دانشگاه تربت حیدریه,جامع,57,secondary-reference,portal-resolution-pending,38,,,,/datasets/audit-packets/torbat-heydarieh.json
hazrat-masoumeh,دانشگاه حضرت معصومه (س),جامع,58,secondary-reference,portal-resolution-pending,0,,,,/datasets/audit-packets/hazrat-masoumeh.json
jahrom,دانشگاه جهرم,جامع,59,secondary-reference,portal-resolution-pending,63,,,,/datasets/audit-packets/jahrom.json
kosar,دانشگاه کوثر,جامع,60,secondary-reference,portal-resolution-pending,0,,,,/datasets/audit-packets/kosar.json
jiroft,دانشگاه جیرفت,جامع,61,direct-official,deep-audited,88,38,73.4,91.4,/datasets/audit-packets/jiroft.json
salman-farsi-kazerun,دانشگاه سلمان فارسی کازرون,جامع,62,direct-official,deep-audited,88,32,74.9,91.4,/datasets/audit-packets/salman-farsi-kazerun.json
lar-higher-ed,مرکز آموزش عالی لار,جامع,62,secondary-reference,portal-resolution-pending,0,,,,/datasets/audit-packets/lar-higher-ed.json
gonabad-higher-ed,مجتمع آموزش عالی گناباد,جامع,64,institutional-reference,reference-resolved-deep-pending,25,,,,/datasets/audit-packets/gonabad-higher-ed.json
bam-higher-ed,مجتمع آموزش عالی بم,جامع,65,direct-official,deep-audited,88,48,68.6,91.4,/datasets/audit-packets/bam-higher-ed.json
neyshabur,دانشگاه نیشابور,جامع,66,false-positive-blocked,blocked-needs-alternative-discovery,75,,,,/datasets/audit-packets/neyshabur.json
eghlid-higher-ed,مرکز آموزش عالی اقلید,جامع,67,secondary-reference,portal-resolution-pending,50,,,,/datasets/audit-packets/eghlid-higher-ed.json
kashmar-higher-ed,مرکز آموزش عالی کاشمر,جامع,68,secondary-reference,portal-resolution-pending,0,,,,/datasets/audit-packets/kashmar-higher-ed.json
seyed-jamaleddin-asadabadi,دانشگاه سید جمال الدین اسدآبادی,جامع,68,secondary-reference,portal-resolution-pending,0,,,,/datasets/audit-packets/seyed-jamaleddin-asadabadi.json
iust,دانشگاه علم و صنعت ایران,صنعتی,1,direct-official,deep-audited,100,6,88.1,100,/datasets/audit-packets/iust.json
sharif,دانشگاه صنعتی شریف,صنعتی,2,direct-official,deep-audited,88,30,75.4,91.4,/datasets/audit-packets/sharif.json
amirkabir,دانشگاه صنعتی امیرکبیر,صنعتی,3,direct-official,deep-audited,88,5,89.3,91.4,/datasets/audit-packets/amirkabir.json
kntu,دانشگاه صنعتی خواجه نصیرالدین طوسی,صنعتی,4,direct-official,deep-audited,88,9,85.2,91.4,/datasets/audit-packets/kntu.json
isfahan-technology,دانشگاه صنعتی اصفهان,صنعتی,5,direct-official,deep-audited,100,7,87.1,100,/datasets/audit-packets/isfahan-technology.json
shahrood-technology,دانشگاه صنعتی شاهرود,صنعتی,6,direct-official,deep-audited,75,16,83,82,/datasets/audit-packets/shahrood-technology.json
babol-noshirvani,دانشگاه صنعتی نوشیروانی بابل,صنعتی,7,direct-official,deep-audited,75,46,69.7,82,/datasets/audit-packets/babol-noshirvani.json
sahand,دانشگاه صنعتی سهند,صنعتی,8,direct-official,deep-audited,88,51,68.3,91.4,/datasets/audit-packets/sahand.json
shiraz-technology,دانشگاه صنعتی شیراز,صنعتی,9,direct-official,deep-audited,75,54,67.8,82,/datasets/audit-packets/shiraz-technology.json
kgut,دانشگاه تحصیلات تکمیلی صنعتی و فناوری پیشرفته کرمان,صنعتی,10,secondary-reference,portal-resolution-pending,88,,,,/datasets/audit-packets/kgut.json
urmia-technology,دانشگاه صنعتی ارومیه,صنعتی,11,direct-official,deep-audited,75,60,62.2,82,/datasets/audit-packets/urmia-technology.json
qochan-technology,دانشگاه صنعتی قوچان,صنعتی,12,direct-official,identity-verified-deep-pending,50,,,,/datasets/audit-packets/qochan-technology.json
arak-technology,دانشگاه صنعتی اراک,صنعتی,13,official-channel-reference,reference-resolved-deep-pending,13,,,,/datasets/audit-packets/arak-technology.json
kermanshah-technology,دانشگاه صنعتی کرمانشاه,صنعتی,14,direct-official,identity-verified-deep-pending,25,,,,/datasets/audit-packets/kermanshah-technology.json
qom-technology,دانشگاه صنعتی قم,صنعتی,15,direct-official,deep-audited,88,36,74,91.4,/datasets/audit-packets/qom-technology.json
jundi-shapur-dezful,دانشگاه صنعتی جندی شاپور دزفول,صنعتی,16,direct-official,deep-audited,75,29,75.8,82,/datasets/audit-packets/jundi-shapur-dezful.json
hamedan-technology,دانشگاه صنعتی همدان,صنعتی,17,secondary-reference,portal-resolution-pending,63,,,,/datasets/audit-packets/hamedan-technology.json
khatam-behbahan,دانشگاه صنعتی خاتم الانبیاء بهبهان,صنعتی,17,direct-official,identity-verified-deep-pending,63,,,,/datasets/audit-packets/khatam-behbahan.json
sirjan-technology,دانشگاه صنعتی سیرجان,صنعتی,19,direct-official,deep-audited,88,23,79.1,91.4,/datasets/audit-packets/sirjan-technology.json
mazandaran-science-tech,دانشگاه علم و فناوری مازندران (بهشهر),صنعتی,20,direct-official,identity-verified-deep-pending,63,,,,/datasets/audit-packets/mazandaran-science-tech.json
esfarayen-higher-ed,مجتمع آموزش عالی فنی و مهندسی اسفراین,صنعتی,21,direct-official,identity-verified-deep-pending,63,,,,/datasets/audit-packets/esfarayen-higher-ed.json
birjand-technology,دانشگاه صنعتی بیرجند,صنعتی,22,direct-official,identity-verified-deep-pending,63,,,,/datasets/audit-packets/birjand-technology.json
buin-zahra-higher-ed,مرکز آموزش عالی فنی و مهندسی بوئین زهرا,صنعتی,23,institutional-reference,reference-resolved-deep-pending,81,,,,/datasets/audit-packets/buin-zahra-higher-ed.json
mahallat-higher-ed,مرکز آموزش عالی محلات,صنعتی,24,direct-official,identity-verified-deep-pending,63,,,,/datasets/audit-packets/mahallat-higher-ed.json
gorgan-agri,دانشگاه علوم کشاورزی و منابع طبیعی گرگان,علوم کشاورزی,1,direct-official,deep-audited,75,24,78.7,82,/datasets/audit-packets/gorgan-agri.json
sari-agri,دانشگاه علوم کشاورزی و منابع طبیعی ساری,علوم کشاورزی,2,direct-official,deep-audited,100,22,79.4,100,/datasets/audit-packets/sari-agri.json
khuzestan-agri,دانشگاه علوم کشاورزی و منابع طبیعی خوزستان,علوم کشاورزی,3,direct-official,deep-audited,94,25,77.7,95.7,/datasets/audit-packets/khuzestan-agri.json
torbat-jam-agri,دانشکده کشاورزی و دامپروری تربت جام,علوم کشاورزی,4,secondary-reference,portal-resolution-pending,25,,,,/datasets/audit-packets/torbat-jam-agri.json
iran-art,دانشگاه هنر ایران,هنر,1,direct-official,deep-audited,100,18,82.7,100,/datasets/audit-packets/iran-art.json
tabriz-islamic-art,دانشگاه هنر اسلامی تبریز,هنر,2,official-reference,reference-resolved-deep-pending,81,,,,/datasets/audit-packets/tabriz-islamic-art.json
isfahan-art,دانشگاه هنر اصفهان,هنر,3,direct-official,deep-audited,88,26,77.6,91.4,/datasets/audit-packets/isfahan-art.json
shiraz-art,دانشگاه هنر شیراز,هنر,4,direct-official,deep-audited,88,39,73.3,91.4,/datasets/audit-packets/shiraz-art.json
payame-noor,دانشگاه پیام نور,زیرنظام,1,direct-official,deep-audited,88,55,67.7,91.4,/datasets/audit-packets/payame-noor.json
national-skills,دانشگاه ملی مهارت,زیرنظام,2,official-reference,reference-resolved-deep-pending,6,,,,/datasets/audit-packets/national-skills.json
farhangian,دانشگاه فرهنگیان,زیرنظام,3,direct-official,deep-audited,88,44,70.2,91.4,/datasets/audit-packets/farhangian.json
applied-science,دانشگاه جامع علمی کاربردی,زیرنظام,4,direct-official,deep-audited,88,50,68.3,91.4,/datasets/audit-packets/applied-science.json
imam-hossein,دانشگاه جامع امام حسین (ع),دستگاه اجرایی,1,direct-official,identity-verified-deep-pending,19,,,,/datasets/audit-packets/imam-hossein.json
shahed,دانشگاه شاهد,دستگاه اجرایی,2,direct-official,deep-audited,100,14,84.3,100,/datasets/audit-packets/shahed.json
malek-ashtar,دانشگاه صنعتی مالک اشتر,دستگاه اجرایی,3,restricted-public,restricted-closed,100,,,,/datasets/audit-packets/malek-ashtar.json
shahid-rajaee,دانشگاه تربیت دبیر شهید رجایی,دستگاه اجرایی,4,direct-official,deep-audited,88,10,85.1,91.4,/datasets/audit-packets/shahid-rajaee.json
aja-command,دانشگاه فرماندهی و ستاد آجا (دافوس),دستگاه اجرایی,5,restricted-public,restricted-closed,100,,,,/datasets/audit-packets/aja-command.json
national-defense,دانشگاه عالی دفاع ملی,دستگاه اجرایی,6,direct-official,deep-audited,75,61,55.9,82,/datasets/audit-packets/national-defense.json
amin-police,دانشگاه علوم انتظامی امین,دستگاه اجرایی,7,restricted-public,restricted-closed,100,,,,/datasets/audit-packets/amin-police.json
petroleum,دانشگاه صنعت نفت,دستگاه اجرایی,8,direct-official,deep-audited,100,37,73.8,100,/datasets/audit-packets/petroleum.json
irib,دانشگاه صدا و سیمای جمهوری اسلامی ایران,دستگاه اجرایی,9,institutional-reference,reference-resolved-deep-pending,19,,,,/datasets/audit-packets/irib.json
civil-aviation,مرکز آموزش عالی هوانوردی و فرودگاهی کشور,دستگاه اجرایی,10,legacy-restricted,restricted-closed,100,,,,/datasets/audit-packets/civil-aviation.json
